	Unnamed: 0	starttime	endtime	duration	endx	endy
0	0	79172.0	79472.0	300.0	696.3534751164817	605.005281852198
1	1	355073.0	355273.0	200.0	799.4966694650316	624.0068075363487
2	2	393178.0	393378.0	200.0	991.7159871491716	499.13131383493504
3	3	394878.0	395278.0	400.0	948.6606339176108	470.5131922605013
4	4	395878.0	396078.0	200.0	988.4848318638168	485.7589759558971
5	5	410072.0	410072.0	0.0	1171.508918493692	531.2795650979468
