	Unnamed: 0	starttime	endtime	duration	endx	endy
0	0	57082.0	57382.0	300.0	858.0019351654369	360.2701540247612
1	1	57790.0	58882.0	1092.0	927.4116611536274	353.798835381165
2	2	59290.0	60382.0	1092.0	885.3675066987217	365.4070230230822
3	3	60790.0	61982.0	1192.0	955.760794407036	367.6147227451584
4	4	62190.0	62590.0	400.0	852.0655596106662	368.058490777592
5	5	288185.0	288185.0	0.0	845.2092664472304	430.8875810159402
